{
  "project_info": {
    "project_number": "393339",
    "firebase_url": "firebaseio.com",
    "project_id": "t",
    "storage_bucket": ".appspot.com"
  },
  "client": [
    {
      "client_info": {
        "mobilesdk_app_id": "1:c",
        "android_client_info": {
          "package_name": "com.csform.android.uiapptemplate"
        }
      },
      "oauth_client": [
        {
          "client_id": "apps.googleusercontent.com",
          "client_type": 3
        }
      ],
      "api_key": [
        {
          "current_key": "6uY"
        }
      ],
      "services": {
        "analytics_service": {
          "status": 1
        },
        "appinvite_service": {
          "status": 1,
          "other_platform_oauth_client": []
        },
        "ads_service": {
          "status": 2
        }
      }
    }
  ],
  "configuration_version": "1"
}